{
    "logs": [
        {
            "outputFile": "F:\\Kaji\\app\\app\\build\\intermediates\\incremental\\mergeDebugResources\\merged.dir\\values-pt-rPT\\values-pt-rPT.xml",
            "map": [
                {
                    "source": "C:\\Users\\Owner\\.gradle\\caches\\transforms-2\\files-2.1\\02a0b5591867b269bf90099dda756d74\\appcompat-v7-28.0.0\\res\\values-pt-rPT\\values-pt-rPT.xml",
                    "from": {
                        "startLines": "2,3,4,5,6,7,8,9,10,11,12,13,14,15,16,17,18,19,20,21,22,23,24,25,26,27,28,29",
                        "startColumns": "4,4,4,4,4,4,4,4,4,4,4,4,4,4,4,4,4,4,4,4,4,4,4,4,4,4,4,4",
                        "startOffsets": "105,225,331,438,527,628,752,836,917,1009,1103,1201,1295,1395,1489,1585,1680,1772,1864,1951,2058,2170,2272,2380,2487,2594,2765,2864",
                        "endColumns": "119,105,106,88,100,123,83,80,91,93,97,93,99,93,95,94,91,91,86,106,111,101,107,106,106,170,98,84",
                        "endOffsets": "220,326,433,522,623,747,831,912,1004,1098,1196,1290,1390,1484,1580,1675,1767,1859,1946,2053,2165,2267,2375,2482,2589,2760,2859,2944"
                    }
                },
                {
                    "source": "C:\\Users\\Owner\\.gradle\\caches\\transforms-2\\files-2.1\\00567bd0de14b33d1bf8a440dc72bff8\\support-compat-28.0.0\\res\\values-pt-rPT\\values-pt-rPT.xml",
                    "from": {
                        "startLines": "2",
                        "startColumns": "4",
                        "startOffsets": "55",
                        "endColumns": "100",
                        "endOffsets": "151"
                    },
                    "to": {
                        "startLines": "30",
                        "startColumns": "4",
                        "startOffsets": "2949",
                        "endColumns": "100",
                        "endOffsets": "3045"
                    }
                }
            ]
        }
    ]
}