{
    "logs": [
        {
            "outputFile": "F:\\Kaji\\app\\app\\build\\intermediates\\incremental\\mergeDebugResources\\merged.dir\\values-port\\values-port.xml",
            "map": [
                {
                    "source": "C:\\Users\\Owner\\.gradle\\caches\\transforms-2\\files-2.1\\02a0b5591867b269bf90099dda756d74\\appcompat-v7-28.0.0\\res\\values-port\\values-port.xml",
                    "from": {
                        "startLines": "2",
                        "startColumns": "4",
                        "startOffsets": "55",
                        "endColumns": "55",
                        "endOffsets": "106"
                    }
                }
            ]
        }
    ]
}