{
    "logs": [
        {
            "outputFile": "F:\\Kaji\\app\\app\\build\\intermediates\\incremental\\mergeDebugResources\\merged.dir\\values-be\\values-be.xml",
            "map": [
                {
                    "source": "C:\\Users\\Owner\\.gradle\\caches\\transforms-2\\files-2.1\\00567bd0de14b33d1bf8a440dc72bff8\\support-compat-28.0.0\\res\\values-be\\values-be.xml",
                    "from": {
                        "startLines": "2",
                        "startColumns": "4",
                        "startOffsets": "55",
                        "endColumns": "100",
                        "endOffsets": "151"
                    },
                    "to": {
                        "startLines": "30",
                        "startColumns": "4",
                        "startOffsets": "2915",
                        "endColumns": "100",
                        "endOffsets": "3011"
                    }
                },
                {
                    "source": "C:\\Users\\Owner\\.gradle\\caches\\transforms-2\\files-2.1\\02a0b5591867b269bf90099dda756d74\\appcompat-v7-28.0.0\\res\\values-be\\values-be.xml",
                    "from": {
                        "startLines": "2,3,4,5,6,7,8,9,10,11,12,13,14,15,16,17,18,19,20,21,22,23,24,25,26,27,28,29",
                        "startColumns": "4,4,4,4,4,4,4,4,4,4,4,4,4,4,4,4,4,4,4,4,4,4,4,4,4,4,4,4",
                        "startOffsets": "105,225,328,444,530,638,756,835,913,1005,1099,1195,1289,1385,1479,1575,1670,1762,1854,1937,2043,2149,2247,2355,2460,2565,2734,2834",
                        "endColumns": "119,102,115,85,107,117,78,77,91,93,95,93,95,93,95,94,91,91,82,105,105,97,107,104,104,168,99,80",
                        "endOffsets": "220,323,439,525,633,751,830,908,1000,1094,1190,1284,1380,1474,1570,1665,1757,1849,1932,2038,2144,2242,2350,2455,2560,2729,2829,2910"
                    }
                }
            ]
        }
    ]
}