{
    "logs": [
        {
            "outputFile": "F:\\Kaji\\app\\app\\build\\intermediates\\incremental\\mergeDebugResources\\merged.dir\\values-watch-v21\\values-watch-v21.xml",
            "map": [
                {
                    "source": "C:\\Users\\Owner\\.gradle\\caches\\transforms-2\\files-2.1\\02a0b5591867b269bf90099dda756d74\\appcompat-v7-28.0.0\\res\\values-watch-v21\\values-watch-v21.xml",
                    "from": {
                        "startLines": "2,6,10",
                        "startColumns": "4,4,4",
                        "startOffsets": "55,271,499",
                        "endLines": "5,9,13",
                        "endColumns": "12,12,12",
                        "endOffsets": "266,494,724"
                    }
                }
            ]
        }
    ]
}