{
    "logs": [
        {
            "outputFile": "F:\\Kaji\\app\\app\\build\\intermediates\\incremental\\mergeDebugResources\\merged.dir\\values-bn\\values-bn.xml",
            "map": [
                {
                    "source": "C:\\Users\\Owner\\.gradle\\caches\\transforms-2\\files-2.1\\00567bd0de14b33d1bf8a440dc72bff8\\support-compat-28.0.0\\res\\values-bn\\values-bn.xml",
                    "from": {
                        "startLines": "2",
                        "startColumns": "4",
                        "startOffsets": "55",
                        "endColumns": "100",
                        "endOffsets": "151"
                    },
                    "to": {
                        "startLines": "30",
                        "startColumns": "4",
                        "startOffsets": "2939",
                        "endColumns": "100",
                        "endOffsets": "3035"
                    }
                },
                {
                    "source": "C:\\Users\\Owner\\.gradle\\caches\\transforms-2\\files-2.1\\02a0b5591867b269bf90099dda756d74\\appcompat-v7-28.0.0\\res\\values-bn\\values-bn.xml",
                    "from": {
                        "startLines": "2,3,4,5,6,7,8,9,10,11,12,13,14,15,16,17,18,19,20,21,22,23,24,25,26,27,28,29",
                        "startColumns": "4,4,4,4,4,4,4,4,4,4,4,4,4,4,4,4,4,4,4,4,4,4,4,4,4,4,4,4",
                        "startOffsets": "105,214,326,432,526,631,760,838,916,1007,1100,1195,1289,1390,1483,1578,1672,1763,1854,1941,2051,2159,2258,2368,2474,2587,2752,2857",
                        "endColumns": "108,111,105,93,104,128,77,77,90,92,94,93,100,92,94,93,90,90,86,109,107,98,109,105,112,164,104,81",
                        "endOffsets": "209,321,427,521,626,755,833,911,1002,1095,1190,1284,1385,1478,1573,1667,1758,1849,1936,2046,2154,2253,2363,2469,2582,2747,2852,2934"
                    }
                }
            ]
        }
    ]
}