{
    "logs": [
        {
            "outputFile": "F:\\Kaji\\app\\app\\build\\intermediates\\incremental\\mergeDebugResources\\merged.dir\\values-ca\\values-ca.xml",
            "map": [
                {
                    "source": "C:\\Users\\Owner\\.gradle\\caches\\transforms-2\\files-2.1\\00567bd0de14b33d1bf8a440dc72bff8\\support-compat-28.0.0\\res\\values-ca\\values-ca.xml",
                    "from": {
                        "startLines": "2",
                        "startColumns": "4",
                        "startOffsets": "55",
                        "endColumns": "100",
                        "endOffsets": "151"
                    },
                    "to": {
                        "startLines": "30",
                        "startColumns": "4",
                        "startOffsets": "2915",
                        "endColumns": "100",
                        "endOffsets": "3011"
                    }
                },
                {
                    "source": "C:\\Users\\Owner\\.gradle\\caches\\transforms-2\\files-2.1\\02a0b5591867b269bf90099dda756d74\\appcompat-v7-28.0.0\\res\\values-ca\\values-ca.xml",
                    "from": {
                        "startLines": "2,3,4,5,6,7,8,9,10,11,12,13,14,15,16,17,18,19,20,21,22,23,24,25,26,27,28,29",
                        "startColumns": "4,4,4,4,4,4,4,4,4,4,4,4,4,4,4,4,4,4,4,4,4,4,4,4,4,4,4,4",
                        "startOffsets": "105,223,329,436,519,627,753,837,918,1009,1102,1196,1291,1390,1483,1576,1670,1761,1852,1935,2046,2155,2253,2363,2467,2575,2735,2834",
                        "endColumns": "117,105,106,82,107,125,83,80,90,92,93,94,98,92,92,93,90,90,82,110,108,97,109,103,107,159,98,80",
                        "endOffsets": "218,324,431,514,622,748,832,913,1004,1097,1191,1286,1385,1478,1571,1665,1756,1847,1930,2041,2150,2248,2358,2462,2570,2730,2829,2910"
                    }
                }
            ]
        }
    ]
}