{
    "logs": [
        {
            "outputFile": "F:\\Kaji\\app\\app\\build\\intermediates\\incremental\\mergeDebugResources\\merged.dir\\values-pa\\values-pa.xml",
            "map": [
                {
                    "source": "C:\\Users\\Owner\\.gradle\\caches\\transforms-2\\files-2.1\\02a0b5591867b269bf90099dda756d74\\appcompat-v7-28.0.0\\res\\values-pa\\values-pa.xml",
                    "from": {
                        "startLines": "2,3,4,5,6,7,8,9,10,11,12,13,14,15,16,17,18,19,20,21,22,23,24,25,26,27,28,29",
                        "startColumns": "4,4,4,4,4,4,4,4,4,4,4,4,4,4,4,4,4,4,4,4,4,4,4,4,4,4,4,4",
                        "startOffsets": "105,208,305,410,496,596,709,786,862,953,1046,1142,1236,1337,1430,1525,1619,1710,1801,1880,1981,2085,2182,2291,2390,2500,2659,2759",
                        "endColumns": "102,96,104,85,99,112,76,75,90,92,95,93,100,92,94,93,90,90,78,100,103,96,108,98,109,158,99,79",
                        "endOffsets": "203,300,405,491,591,704,781,857,948,1041,1137,1231,1332,1425,1520,1614,1705,1796,1875,1976,2080,2177,2286,2385,2495,2654,2754,2834"
                    }
                },
                {
                    "source": "C:\\Users\\Owner\\.gradle\\caches\\transforms-2\\files-2.1\\00567bd0de14b33d1bf8a440dc72bff8\\support-compat-28.0.0\\res\\values-pa\\values-pa.xml",
                    "from": {
                        "startLines": "2",
                        "startColumns": "4",
                        "startOffsets": "55",
                        "endColumns": "100",
                        "endOffsets": "151"
                    },
                    "to": {
                        "startLines": "30",
                        "startColumns": "4",
                        "startOffsets": "2839",
                        "endColumns": "100",
                        "endOffsets": "2935"
                    }
                }
            ]
        }
    ]
}