{
  "version": 1,
  "applicationId": "com.federation.tahairs",
  "variantType": "BASE_APK",
  "elements": [
    {
      "outputType": {
        "type": "INSTANT_APP_MANIFEST"
      },
      "apkData": {
        "type": "MAIN",
        "splits": [],
        "versionCode": 1,
        "versionName": "1.0",
        "outputFile": "app-debug.apk",
        "fullName": "debug",
        "baseName": "debug",
        "dirName": ""
      },
      "path": "AndroidManifest.xml",
      "properties": {
        "packageId": "com.federation.tahairs",
        "split": "",
        "minSdkVersion": "14"
      }
    }
  ]
}