[
    {
        "merged": "F:\\Kaji\\app\\app\\build\\intermediates\\res\\merged\\debug\\mipmap-xxxhdpi_ic_history_black_24dp.png.flat",
        "source": "F:\\Kaji\\app\\app\\src\\main\\res\\mipmap-xxxhdpi\\ic_history_black_24dp.png"
    },
    {
        "merged": "F:\\Kaji\\app\\app\\build\\intermediates\\res\\merged\\debug\\mipmap-xxxhdpi_ic_launcher.png.flat",
        "source": "F:\\Kaji\\app\\app\\src\\main\\res\\mipmap-xxxhdpi\\ic_launcher.png"
    },
    {
        "merged": "F:\\Kaji\\app\\app\\build\\intermediates\\res\\merged\\debug\\mipmap-xxxhdpi_ic_user_black_24dp.png.flat",
        "source": "F:\\Kaji\\app\\app\\src\\main\\res\\mipmap-xxxhdpi\\ic_user_black_24dp.png"
    },
    {
        "merged": "F:\\Kaji\\app\\app\\build\\intermediates\\res\\merged\\debug\\layout_fragment_about.xml.flat",
        "source": "F:\\Kaji\\app\\app\\src\\main\\res\\layout\\fragment_about.xml"
    },
    {
        "merged": "F:\\Kaji\\app\\app\\build\\intermediates\\res\\merged\\debug\\drawable_waxing.jpg.flat",
        "source": "F:\\Kaji\\app\\app\\src\\main\\res\\drawable\\waxing.jpg"
    },
    {
        "merged": "F:\\Kaji\\app\\app\\build\\intermediates\\res\\merged\\debug\\mipmap-hdpi_ic_coupon_black_24dp.png.flat",
        "source": "F:\\Kaji\\app\\app\\src\\main\\res\\mipmap-hdpi\\ic_coupon_black_24dp.png"
    },
    {
        "merged": "F:\\Kaji\\app\\app\\build\\intermediates\\res\\merged\\debug\\drawable-v24_ic_launcher_foreground.xml.flat",
        "source": "F:\\Kaji\\app\\app\\src\\main\\res\\drawable-v24\\ic_launcher_foreground.xml"
    },
    {
        "merged": "F:\\Kaji\\app\\app\\build\\intermediates\\res\\merged\\debug\\mipmap-xxxhdpi_ic_product_black_24dp.png.flat",
        "source": "F:\\Kaji\\app\\app\\src\\main\\res\\mipmap-xxxhdpi\\ic_product_black_24dp.png"
    },
    {
        "merged": "F:\\Kaji\\app\\app\\build\\intermediates\\res\\merged\\debug\\mipmap-mdpi_ic_gallery_black.png.flat",
        "source": "F:\\Kaji\\app\\app\\src\\main\\res\\mipmap-mdpi\\ic_gallery_black.png"
    },
    {
        "merged": "F:\\Kaji\\app\\app\\build\\intermediates\\res\\merged\\debug\\drawable_eyelash_extension.jpg.flat",
        "source": "F:\\Kaji\\app\\app\\src\\main\\res\\drawable\\eyelash_extension.jpg"
    },
    {
        "merged": "F:\\Kaji\\app\\app\\build\\intermediates\\res\\merged\\debug\\mipmap-xxhdpi_ic_launcher_round.png.flat",
        "source": "F:\\Kaji\\app\\app\\src\\main\\res\\mipmap-xxhdpi\\ic_launcher_round.png"
    },
    {
        "merged": "F:\\Kaji\\app\\app\\build\\intermediates\\res\\merged\\debug\\mipmap-xhdpi_ic_service_black_24dp.png.flat",
        "source": "F:\\Kaji\\app\\app\\src\\main\\res\\mipmap-xhdpi\\ic_service_black_24dp.png"
    },
    {
        "merged": "F:\\Kaji\\app\\app\\build\\intermediates\\res\\merged\\debug\\mipmap-hdpi_ic_user_black_24dp.png.flat",
        "source": "F:\\Kaji\\app\\app\\src\\main\\res\\mipmap-hdpi\\ic_user_black_24dp.png"
    },
    {
        "merged": "F:\\Kaji\\app\\app\\build\\intermediates\\res\\merged\\debug\\mipmap-mdpi_ic_cart_white_24dp.png.flat",
        "source": "F:\\Kaji\\app\\app\\src\\main\\res\\mipmap-mdpi\\ic_cart_white_24dp.png"
    },
    {
        "merged": "F:\\Kaji\\app\\app\\build\\intermediates\\res\\merged\\debug\\drawable_address_icon.xml.flat",
        "source": "F:\\Kaji\\app\\app\\src\\main\\res\\drawable\\address_icon.xml"
    },
    {
        "merged": "F:\\Kaji\\app\\app\\build\\intermediates\\res\\merged\\debug\\layout_fragment_service.xml.flat",
        "source": "F:\\Kaji\\app\\app\\src\\main\\res\\layout\\fragment_service.xml"
    },
    {
        "merged": "F:\\Kaji\\app\\app\\build\\intermediates\\res\\merged\\debug\\mipmap-mdpi_ic_product_black_24dp.png.flat",
        "source": "F:\\Kaji\\app\\app\\src\\main\\res\\mipmap-mdpi\\ic_product_black_24dp.png"
    },
    {
        "merged": "F:\\Kaji\\app\\app\\build\\intermediates\\res\\merged\\debug\\mipmap-mdpi_ic_about_black_24dp.png.flat",
        "source": "F:\\Kaji\\app\\app\\src\\main\\res\\mipmap-mdpi\\ic_about_black_24dp.png"
    },
    {
        "merged": "F:\\Kaji\\app\\app\\build\\intermediates\\res\\merged\\debug\\mipmap-hdpi_ic_launcher.png.flat",
        "source": "F:\\Kaji\\app\\app\\src\\main\\res\\mipmap-hdpi\\ic_launcher.png"
    },
    {
        "merged": "F:\\Kaji\\app\\app\\build\\intermediates\\res\\merged\\debug\\mipmap-mdpi_ic_history_black_24dp.png.flat",
        "source": "F:\\Kaji\\app\\app\\src\\main\\res\\mipmap-mdpi\\ic_history_black_24dp.png"
    },
    {
        "merged": "F:\\Kaji\\app\\app\\build\\intermediates\\res\\merged\\debug\\drawable_padlock.png.flat",
        "source": "F:\\Kaji\\app\\app\\src\\main\\res\\drawable\\padlock.png"
    },
    {
        "merged": "F:\\Kaji\\app\\app\\build\\intermediates\\res\\merged\\debug\\mipmap-xhdpi_ic_cart_white_24dp.png.flat",
        "source": "F:\\Kaji\\app\\app\\src\\main\\res\\mipmap-xhdpi\\ic_cart_white_24dp.png"
    },
    {
        "merged": "F:\\Kaji\\app\\app\\build\\intermediates\\res\\merged\\debug\\drawable_ic_home_black_24dp.xml.flat",
        "source": "F:\\Kaji\\app\\app\\src\\main\\res\\drawable\\ic_home_black_24dp.xml"
    },
    {
        "merged": "F:\\Kaji\\app\\app\\build\\intermediates\\res\\merged\\debug\\mipmap-mdpi_ic_logout_black_24dp.png.flat",
        "source": "F:\\Kaji\\app\\app\\src\\main\\res\\mipmap-mdpi\\ic_logout_black_24dp.png"
    },
    {
        "merged": "F:\\Kaji\\app\\app\\build\\intermediates\\res\\merged\\debug\\menu_store_menu.xml.flat",
        "source": "F:\\Kaji\\app\\app\\src\\main\\res\\menu\\store_menu.xml"
    },
    {
        "merged": "F:\\Kaji\\app\\app\\build\\intermediates\\res\\merged\\debug\\drawable_p_4.png.flat",
        "source": "F:\\Kaji\\app\\app\\src\\main\\res\\drawable\\p_4.png"
    },
    {
        "merged": "F:\\Kaji\\app\\app\\build\\intermediates\\res\\merged\\debug\\drawable_ic_notifications_black_24dp.xml.flat",
        "source": "F:\\Kaji\\app\\app\\src\\main\\res\\drawable\\ic_notifications_black_24dp.xml"
    },
    {
        "merged": "F:\\Kaji\\app\\app\\build\\intermediates\\res\\merged\\debug\\mipmap-mdpi_ic_services_black_24dp.png.flat",
        "source": "F:\\Kaji\\app\\app\\src\\main\\res\\mipmap-mdpi\\ic_services_black_24dp.png"
    },
    {
        "merged": "F:\\Kaji\\app\\app\\build\\intermediates\\res\\merged\\debug\\drawable_ic_baseline_home_24.xml.flat",
        "source": "F:\\Kaji\\app\\app\\src\\main\\res\\drawable\\ic_baseline_home_24.xml"
    },
    {
        "merged": "F:\\Kaji\\app\\app\\build\\intermediates\\res\\merged\\debug\\mipmap-hdpi_ic_cart_white_24dp.png.flat",
        "source": "F:\\Kaji\\app\\app\\src\\main\\res\\mipmap-hdpi\\ic_cart_white_24dp.png"
    },
    {
        "merged": "F:\\Kaji\\app\\app\\build\\intermediates\\res\\merged\\debug\\mipmap-mdpi_ic_user_black_24dp.png.flat",
        "source": "F:\\Kaji\\app\\app\\src\\main\\res\\mipmap-mdpi\\ic_user_black_24dp.png"
    },
    {
        "merged": "F:\\Kaji\\app\\app\\build\\intermediates\\res\\merged\\debug\\drawable_ta.jpg.flat",
        "source": "F:\\Kaji\\app\\app\\src\\main\\res\\drawable\\ta.jpg"
    },
    {
        "merged": "F:\\Kaji\\app\\app\\build\\intermediates\\res\\merged\\debug\\mipmap-mdpi_ic_launcher_round.png.flat",
        "source": "F:\\Kaji\\app\\app\\src\\main\\res\\mipmap-mdpi\\ic_launcher_round.png"
    },
    {
        "merged": "F:\\Kaji\\app\\app\\build\\intermediates\\res\\merged\\debug\\layout_fragment_coupons.xml.flat",
        "source": "F:\\Kaji\\app\\app\\src\\main\\res\\layout\\fragment_coupons.xml"
    },
    {
        "merged": "F:\\Kaji\\app\\app\\build\\intermediates\\res\\merged\\debug\\mipmap-xxxhdpi_ic_coupon_black_24dp.png.flat",
        "source": "F:\\Kaji\\app\\app\\src\\main\\res\\mipmap-xxxhdpi\\ic_coupon_black_24dp.png"
    },
    {
        "merged": "F:\\Kaji\\app\\app\\build\\intermediates\\res\\merged\\debug\\drawable_my_edittext_app.xml.flat",
        "source": "F:\\Kaji\\app\\app\\src\\main\\res\\drawable\\my_edittext_app.xml"
    },
    {
        "merged": "F:\\Kaji\\app\\app\\build\\intermediates\\res\\merged\\debug\\mipmap-xhdpi_ic_user_black_24dp.png.flat",
        "source": "F:\\Kaji\\app\\app\\src\\main\\res\\mipmap-xhdpi\\ic_user_black_24dp.png"
    },
    {
        "merged": "F:\\Kaji\\app\\app\\build\\intermediates\\res\\merged\\debug\\mipmap-anydpi-v26_ic_launcher_round.xml.flat",
        "source": "F:\\Kaji\\app\\app\\src\\main\\res\\mipmap-anydpi-v26\\ic_launcher_round.xml"
    },
    {
        "merged": "F:\\Kaji\\app\\app\\build\\intermediates\\res\\merged\\debug\\mipmap-xhdpi_ic_services_black_24dp.png.flat",
        "source": "F:\\Kaji\\app\\app\\src\\main\\res\\mipmap-xhdpi\\ic_services_black_24dp.png"
    },
    {
        "merged": "F:\\Kaji\\app\\app\\build\\intermediates\\res\\merged\\debug\\layout_gallery_item.xml.flat",
        "source": "F:\\Kaji\\app\\app\\src\\main\\res\\layout\\gallery_item.xml"
    },
    {
        "merged": "F:\\Kaji\\app\\app\\build\\intermediates\\res\\merged\\debug\\layout_activity_password.xml.flat",
        "source": "F:\\Kaji\\app\\app\\src\\main\\res\\layout\\activity_password.xml"
    },
    {
        "merged": "F:\\Kaji\\app\\app\\build\\intermediates\\res\\merged\\debug\\layout_fragment_appointments.xml.flat",
        "source": "F:\\Kaji\\app\\app\\src\\main\\res\\layout\\fragment_appointments.xml"
    },
    {
        "merged": "F:\\Kaji\\app\\app\\build\\intermediates\\res\\merged\\debug\\layout_service_item.xml.flat",
        "source": "F:\\Kaji\\app\\app\\src\\main\\res\\layout\\service_item.xml"
    },
    {
        "merged": "F:\\Kaji\\app\\app\\build\\intermediates\\res\\merged\\debug\\layout_nav_header.xml.flat",
        "source": "F:\\Kaji\\app\\app\\src\\main\\res\\layout\\nav_header.xml"
    },
    {
        "merged": "F:\\Kaji\\app\\app\\build\\intermediates\\res\\merged\\debug\\drawable_image_rounded.xml.flat",
        "source": "F:\\Kaji\\app\\app\\src\\main\\res\\drawable\\image_rounded.xml"
    },
    {
        "merged": "F:\\Kaji\\app\\app\\build\\intermediates\\res\\merged\\debug\\mipmap-hdpi_ic_service_black_24dp.png.flat",
        "source": "F:\\Kaji\\app\\app\\src\\main\\res\\mipmap-hdpi\\ic_service_black_24dp.png"
    },
    {
        "merged": "F:\\Kaji\\app\\app\\build\\intermediates\\res\\merged\\debug\\drawable_phone_icon.xml.flat",
        "source": "F:\\Kaji\\app\\app\\src\\main\\res\\drawable\\phone_icon.xml"
    },
    {
        "merged": "F:\\Kaji\\app\\app\\build\\intermediates\\res\\merged\\debug\\drawable_ic_dashboard_black_24dp.xml.flat",
        "source": "F:\\Kaji\\app\\app\\src\\main\\res\\drawable\\ic_dashboard_black_24dp.xml"
    },
    {
        "merged": "F:\\Kaji\\app\\app\\build\\intermediates\\res\\merged\\debug\\drawable_ic_white_arrow.png.flat",
        "source": "F:\\Kaji\\app\\app\\src\\main\\res\\drawable\\ic_white_arrow.png"
    },
    {
        "merged": "F:\\Kaji\\app\\app\\build\\intermediates\\res\\merged\\debug\\layout_services_item.xml.flat",
        "source": "F:\\Kaji\\app\\app\\src\\main\\res\\layout\\services_item.xml"
    },
    {
        "merged": "F:\\Kaji\\app\\app\\build\\intermediates\\res\\merged\\debug\\drawable_facial.jpg.flat",
        "source": "F:\\Kaji\\app\\app\\src\\main\\res\\drawable\\facial.jpg"
    },
    {
        "merged": "F:\\Kaji\\app\\app\\build\\intermediates\\res\\merged\\debug\\mipmap-xhdpi_ic_product_black_24dp.png.flat",
        "source": "F:\\Kaji\\app\\app\\src\\main\\res\\mipmap-xhdpi\\ic_product_black_24dp.png"
    },
    {
        "merged": "F:\\Kaji\\app\\app\\build\\intermediates\\res\\merged\\debug\\layout_activity_dashboard.xml.flat",
        "source": "F:\\Kaji\\app\\app\\src\\main\\res\\layout\\activity_dashboard.xml"
    },
    {
        "merged": "F:\\Kaji\\app\\app\\build\\intermediates\\res\\merged\\debug\\menu_bottom_nav_menu.xml.flat",
        "source": "F:\\Kaji\\app\\app\\src\\main\\res\\menu\\bottom_nav_menu.xml"
    },
    {
        "merged": "F:\\Kaji\\app\\app\\build\\intermediates\\res\\merged\\debug\\mipmap-xhdpi_ic_history_black_24dp.png.flat",
        "source": "F:\\Kaji\\app\\app\\src\\main\\res\\mipmap-xhdpi\\ic_history_black_24dp.png"
    },
    {
        "merged": "F:\\Kaji\\app\\app\\build\\intermediates\\res\\merged\\debug\\drawable_ta2.jpg.flat",
        "source": "F:\\Kaji\\app\\app\\src\\main\\res\\drawable\\ta2.jpg"
    },
    {
        "merged": "F:\\Kaji\\app\\app\\build\\intermediates\\res\\merged\\debug\\layout_fragment_cart.xml.flat",
        "source": "F:\\Kaji\\app\\app\\src\\main\\res\\layout\\fragment_cart.xml"
    },
    {
        "merged": "F:\\Kaji\\app\\app\\build\\intermediates\\res\\merged\\debug\\drawable_haircut.jpg.flat",
        "source": "F:\\Kaji\\app\\app\\src\\main\\res\\drawable\\haircut.jpg"
    },
    {
        "merged": "F:\\Kaji\\app\\app\\build\\intermediates\\res\\merged\\debug\\mipmap-mdpi_ic_service_black_24dp.png.flat",
        "source": "F:\\Kaji\\app\\app\\src\\main\\res\\mipmap-mdpi\\ic_service_black_24dp.png"
    },
    {
        "merged": "F:\\Kaji\\app\\app\\build\\intermediates\\res\\merged\\debug\\mipmap-mdpi_ic_launcher.png.flat",
        "source": "F:\\Kaji\\app\\app\\src\\main\\res\\mipmap-mdpi\\ic_launcher.png"
    },
    {
        "merged": "F:\\Kaji\\app\\app\\build\\intermediates\\res\\merged\\debug\\mipmap-mdpi_ic_coupon_black_24dp.png.flat",
        "source": "F:\\Kaji\\app\\app\\src\\main\\res\\mipmap-mdpi\\ic_coupon_black_24dp.png"
    },
    {
        "merged": "F:\\Kaji\\app\\app\\build\\intermediates\\res\\merged\\debug\\drawable_my_button.xml.flat",
        "source": "F:\\Kaji\\app\\app\\src\\main\\res\\drawable\\my_button.xml"
    },
    {
        "merged": "F:\\Kaji\\app\\app\\build\\intermediates\\res\\merged\\debug\\drawable_password_icon.xml.flat",
        "source": "F:\\Kaji\\app\\app\\src\\main\\res\\drawable\\password_icon.xml"
    },
    {
        "merged": "F:\\Kaji\\app\\app\\build\\intermediates\\res\\merged\\debug\\mipmap-xxxhdpi_ic_launcher_round.png.flat",
        "source": "F:\\Kaji\\app\\app\\src\\main\\res\\mipmap-xxxhdpi\\ic_launcher_round.png"
    },
    {
        "merged": "F:\\Kaji\\app\\app\\build\\intermediates\\res\\merged\\debug\\mipmap-xxhdpi_ic_service_black_24dp.png.flat",
        "source": "F:\\Kaji\\app\\app\\src\\main\\res\\mipmap-xxhdpi\\ic_service_black_24dp.png"
    },
    {
        "merged": "F:\\Kaji\\app\\app\\build\\intermediates\\res\\merged\\debug\\drawable_p_2.png.flat",
        "source": "F:\\Kaji\\app\\app\\src\\main\\res\\drawable\\p_2.png"
    },
    {
        "merged": "F:\\Kaji\\app\\app\\build\\intermediates\\res\\merged\\debug\\drawable_ic_launcher_background.xml.flat",
        "source": "F:\\Kaji\\app\\app\\src\\main\\res\\drawable\\ic_launcher_background.xml"
    },
    {
        "merged": "F:\\Kaji\\app\\app\\build\\intermediates\\res\\merged\\debug\\mipmap-anydpi-v26_ic_launcher.xml.flat",
        "source": "F:\\Kaji\\app\\app\\src\\main\\res\\mipmap-anydpi-v26\\ic_launcher.xml"
    },
    {
        "merged": "F:\\Kaji\\app\\app\\build\\intermediates\\res\\merged\\debug\\layout_fragment_success.xml.flat",
        "source": "F:\\Kaji\\app\\app\\src\\main\\res\\layout\\fragment_success.xml"
    },
    {
        "merged": "F:\\Kaji\\app\\app\\build\\intermediates\\res\\merged\\debug\\mipmap-xxxhdpi_ic_services_black_24dp.png.flat",
        "source": "F:\\Kaji\\app\\app\\src\\main\\res\\mipmap-xxxhdpi\\ic_services_black_24dp.png"
    },
    {
        "merged": "F:\\Kaji\\app\\app\\build\\intermediates\\res\\merged\\debug\\drawable_my_edittext.xml.flat",
        "source": "F:\\Kaji\\app\\app\\src\\main\\res\\drawable\\my_edittext.xml"
    },
    {
        "merged": "F:\\Kaji\\app\\app\\build\\intermediates\\res\\merged\\debug\\mipmap-xhdpi_ic_coupon_black_24dp.png.flat",
        "source": "F:\\Kaji\\app\\app\\src\\main\\res\\mipmap-xhdpi\\ic_coupon_black_24dp.png"
    },
    {
        "merged": "F:\\Kaji\\app\\app\\build\\intermediates\\res\\merged\\debug\\layout_fragment_guest_book_now.xml.flat",
        "source": "F:\\Kaji\\app\\app\\src\\main\\res\\layout\\fragment_guest_book_now.xml"
    },
    {
        "merged": "F:\\Kaji\\app\\app\\build\\intermediates\\res\\merged\\debug\\mipmap-xxhdpi_ic_user_black_24dp.png.flat",
        "source": "F:\\Kaji\\app\\app\\src\\main\\res\\mipmap-xxhdpi\\ic_user_black_24dp.png"
    },
    {
        "merged": "F:\\Kaji\\app\\app\\build\\intermediates\\res\\merged\\debug\\mipmap-xxxhdpi_ic_service_black_24dp.png.flat",
        "source": "F:\\Kaji\\app\\app\\src\\main\\res\\mipmap-xxxhdpi\\ic_service_black_24dp.png"
    },
    {
        "merged": "F:\\Kaji\\app\\app\\build\\intermediates\\res\\merged\\debug\\drawable_my_button_disabled.xml.flat",
        "source": "F:\\Kaji\\app\\app\\src\\main\\res\\drawable\\my_button_disabled.xml"
    },
    {
        "merged": "F:\\Kaji\\app\\app\\build\\intermediates\\res\\merged\\debug\\drawable_manicure.jpg.flat",
        "source": "F:\\Kaji\\app\\app\\src\\main\\res\\drawable\\manicure.jpg"
    },
    {
        "merged": "F:\\Kaji\\app\\app\\build\\intermediates\\res\\merged\\debug\\drawable_user.png.flat",
        "source": "F:\\Kaji\\app\\app\\src\\main\\res\\drawable\\user.png"
    },
    {
        "merged": "F:\\Kaji\\app\\app\\build\\intermediates\\res\\merged\\debug\\mipmap-xxhdpi_ic_services_black_24dp.png.flat",
        "source": "F:\\Kaji\\app\\app\\src\\main\\res\\mipmap-xxhdpi\\ic_services_black_24dp.png"
    },
    {
        "merged": "F:\\Kaji\\app\\app\\build\\intermediates\\res\\merged\\debug\\layout_activity_main.xml.flat",
        "source": "F:\\Kaji\\app\\app\\src\\main\\res\\layout\\activity_main.xml"
    },
    {
        "merged": "F:\\Kaji\\app\\app\\build\\intermediates\\res\\merged\\debug\\drawable_home_icon.xml.flat",
        "source": "F:\\Kaji\\app\\app\\src\\main\\res\\drawable\\home_icon.xml"
    },
    {
        "merged": "F:\\Kaji\\app\\app\\build\\intermediates\\res\\merged\\debug\\mipmap-xhdpi_ic_launcher.png.flat",
        "source": "F:\\Kaji\\app\\app\\src\\main\\res\\mipmap-xhdpi\\ic_launcher.png"
    },
    {
        "merged": "F:\\Kaji\\app\\app\\build\\intermediates\\res\\merged\\debug\\mipmap-xxhdpi_ic_cart_white_24dp.png.flat",
        "source": "F:\\Kaji\\app\\app\\src\\main\\res\\mipmap-xxhdpi\\ic_cart_white_24dp.png"
    },
    {
        "merged": "F:\\Kaji\\app\\app\\build\\intermediates\\res\\merged\\debug\\mipmap-hdpi_ic_launcher_round.png.flat",
        "source": "F:\\Kaji\\app\\app\\src\\main\\res\\mipmap-hdpi\\ic_launcher_round.png"
    },
    {
        "merged": "F:\\Kaji\\app\\app\\build\\intermediates\\res\\merged\\debug\\layout_fragment_gallery.xml.flat",
        "source": "F:\\Kaji\\app\\app\\src\\main\\res\\layout\\fragment_gallery.xml"
    },
    {
        "merged": "F:\\Kaji\\app\\app\\build\\intermediates\\res\\merged\\debug\\drawable_p_1.png.flat",
        "source": "F:\\Kaji\\app\\app\\src\\main\\res\\drawable\\p_1.png"
    },
    {
        "merged": "F:\\Kaji\\app\\app\\build\\intermediates\\res\\merged\\debug\\drawable_eyebrow_threading.jpg.flat",
        "source": "F:\\Kaji\\app\\app\\src\\main\\res\\drawable\\eyebrow_threading.jpg"
    },
    {
        "merged": "F:\\Kaji\\app\\app\\build\\intermediates\\res\\merged\\debug\\layout_activity_login.xml.flat",
        "source": "F:\\Kaji\\app\\app\\src\\main\\res\\layout\\activity_login.xml"
    },
    {
        "merged": "F:\\Kaji\\app\\app\\build\\intermediates\\res\\merged\\debug\\mipmap-mdpi_ic_login_black_24dp.png.flat",
        "source": "F:\\Kaji\\app\\app\\src\\main\\res\\mipmap-mdpi\\ic_login_black_24dp.png"
    },
    {
        "merged": "F:\\Kaji\\app\\app\\build\\intermediates\\res\\merged\\debug\\layout_activity_signup.xml.flat",
        "source": "F:\\Kaji\\app\\app\\src\\main\\res\\layout\\activity_signup.xml"
    },
    {
        "merged": "F:\\Kaji\\app\\app\\build\\intermediates\\res\\merged\\debug\\mipmap-xxxhdpi_ic_cart_white_24dp.png.flat",
        "source": "F:\\Kaji\\app\\app\\src\\main\\res\\mipmap-xxxhdpi\\ic_cart_white_24dp.png"
    },
    {
        "merged": "F:\\Kaji\\app\\app\\build\\intermediates\\res\\merged\\debug\\mipmap-hdpi_ic_product_black_24dp.png.flat",
        "source": "F:\\Kaji\\app\\app\\src\\main\\res\\mipmap-hdpi\\ic_product_black_24dp.png"
    },
    {
        "merged": "F:\\Kaji\\app\\app\\build\\intermediates\\res\\merged\\debug\\mipmap-xxhdpi_ic_launcher.png.flat",
        "source": "F:\\Kaji\\app\\app\\src\\main\\res\\mipmap-xxhdpi\\ic_launcher.png"
    },
    {
        "merged": "F:\\Kaji\\app\\app\\build\\intermediates\\res\\merged\\debug\\mipmap-mdpi_ic_signup_black_24dp.png.flat",
        "source": "F:\\Kaji\\app\\app\\src\\main\\res\\mipmap-mdpi\\ic_signup_black_24dp.png"
    },
    {
        "merged": "F:\\Kaji\\app\\app\\build\\intermediates\\res\\merged\\debug\\mipmap-hdpi_ic_history_black_24dp.png.flat",
        "source": "F:\\Kaji\\app\\app\\src\\main\\res\\mipmap-hdpi\\ic_history_black_24dp.png"
    },
    {
        "merged": "F:\\Kaji\\app\\app\\build\\intermediates\\res\\merged\\debug\\mipmap-xxhdpi_ic_coupon_black_24dp.png.flat",
        "source": "F:\\Kaji\\app\\app\\src\\main\\res\\mipmap-xxhdpi\\ic_coupon_black_24dp.png"
    },
    {
        "merged": "F:\\Kaji\\app\\app\\build\\intermediates\\res\\merged\\debug\\drawable_p_3.png.flat",
        "source": "F:\\Kaji\\app\\app\\src\\main\\res\\drawable\\p_3.png"
    },
    {
        "merged": "F:\\Kaji\\app\\app\\build\\intermediates\\res\\merged\\debug\\layout_fragment_services.xml.flat",
        "source": "F:\\Kaji\\app\\app\\src\\main\\res\\layout\\fragment_services.xml"
    },
    {
        "merged": "F:\\Kaji\\app\\app\\build\\intermediates\\res\\merged\\debug\\mipmap-hdpi_ic_services_black_24dp.png.flat",
        "source": "F:\\Kaji\\app\\app\\src\\main\\res\\mipmap-hdpi\\ic_services_black_24dp.png"
    },
    {
        "merged": "F:\\Kaji\\app\\app\\build\\intermediates\\res\\merged\\debug\\drawable-v24_osome.png.flat",
        "source": "F:\\Kaji\\app\\app\\src\\main\\res\\drawable-v24\\osome.png"
    },
    {
        "merged": "F:\\Kaji\\app\\app\\build\\intermediates\\res\\merged\\debug\\layout_fragment_pricing.xml.flat",
        "source": "F:\\Kaji\\app\\app\\src\\main\\res\\layout\\fragment_pricing.xml"
    },
    {
        "merged": "F:\\Kaji\\app\\app\\build\\intermediates\\res\\merged\\debug\\drawable_home.png.flat",
        "source": "F:\\Kaji\\app\\app\\src\\main\\res\\drawable\\home.png"
    },
    {
        "merged": "F:\\Kaji\\app\\app\\build\\intermediates\\res\\merged\\debug\\layout_fragment_profile.xml.flat",
        "source": "F:\\Kaji\\app\\app\\src\\main\\res\\layout\\fragment_profile.xml"
    },
    {
        "merged": "F:\\Kaji\\app\\app\\build\\intermediates\\res\\merged\\debug\\layout_fragment_home.xml.flat",
        "source": "F:\\Kaji\\app\\app\\src\\main\\res\\layout\\fragment_home.xml"
    },
    {
        "merged": "F:\\Kaji\\app\\app\\build\\intermediates\\res\\merged\\debug\\drawable_bg_new.jpg.flat",
        "source": "F:\\Kaji\\app\\app\\src\\main\\res\\drawable\\bg_new.jpg"
    },
    {
        "merged": "F:\\Kaji\\app\\app\\build\\intermediates\\res\\merged\\debug\\drawable_user_icon.xml.flat",
        "source": "F:\\Kaji\\app\\app\\src\\main\\res\\drawable\\user_icon.xml"
    },
    {
        "merged": "F:\\Kaji\\app\\app\\build\\intermediates\\res\\merged\\debug\\drawable_my_button_enabled.xml.flat",
        "source": "F:\\Kaji\\app\\app\\src\\main\\res\\drawable\\my_button_enabled.xml"
    },
    {
        "merged": "F:\\Kaji\\app\\app\\build\\intermediates\\res\\merged\\debug\\layout_activity_store_dashboard.xml.flat",
        "source": "F:\\Kaji\\app\\app\\src\\main\\res\\layout\\activity_store_dashboard.xml"
    },
    {
        "merged": "F:\\Kaji\\app\\app\\build\\intermediates\\res\\merged\\debug\\drawable_phone.png.flat",
        "source": "F:\\Kaji\\app\\app\\src\\main\\res\\drawable\\phone.png"
    },
    {
        "merged": "F:\\Kaji\\app\\app\\build\\intermediates\\res\\merged\\debug\\drawable_pin.png.flat",
        "source": "F:\\Kaji\\app\\app\\src\\main\\res\\drawable\\pin.png"
    },
    {
        "merged": "F:\\Kaji\\app\\app\\build\\intermediates\\res\\merged\\debug\\layout_appointment_item.xml.flat",
        "source": "F:\\Kaji\\app\\app\\src\\main\\res\\layout\\appointment_item.xml"
    },
    {
        "merged": "F:\\Kaji\\app\\app\\build\\intermediates\\res\\merged\\debug\\drawable_logo.png.flat",
        "source": "F:\\Kaji\\app\\app\\src\\main\\res\\drawable\\logo.png"
    },
    {
        "merged": "F:\\Kaji\\app\\app\\build\\intermediates\\res\\merged\\debug\\layout_fragment_checkout.xml.flat",
        "source": "F:\\Kaji\\app\\app\\src\\main\\res\\layout\\fragment_checkout.xml"
    },
    {
        "merged": "F:\\Kaji\\app\\app\\build\\intermediates\\res\\merged\\debug\\mipmap-xhdpi_ic_launcher_round.png.flat",
        "source": "F:\\Kaji\\app\\app\\src\\main\\res\\mipmap-xhdpi\\ic_launcher_round.png"
    },
    {
        "merged": "F:\\Kaji\\app\\app\\build\\intermediates\\res\\merged\\debug\\layout_fragment_book_now.xml.flat",
        "source": "F:\\Kaji\\app\\app\\src\\main\\res\\layout\\fragment_book_now.xml"
    },
    {
        "merged": "F:\\Kaji\\app\\app\\build\\intermediates\\res\\merged\\debug\\mipmap-xxhdpi_ic_product_black_24dp.png.flat",
        "source": "F:\\Kaji\\app\\app\\src\\main\\res\\mipmap-xxhdpi\\ic_product_black_24dp.png"
    },
    {
        "merged": "F:\\Kaji\\app\\app\\build\\intermediates\\res\\merged\\debug\\mipmap-xxhdpi_ic_history_black_24dp.png.flat",
        "source": "F:\\Kaji\\app\\app\\src\\main\\res\\mipmap-xxhdpi\\ic_history_black_24dp.png"
    }
]